<?xml version='1.0'?>
<home version='7000' exportFlags='27' name='modelo1.sh3d' structure='HomeStructure/Home.obj' camera='topCamera'>
  <property name='Author' value='Véronique PUYBARET / Emmanuel PUYBARET'/>
  <property name='Copyright' value='Sweet Home 3D, Copyright (c) 2017 Emmanuel PUYBARET / eTeks info@eteks.com'/>
  <property name='License' value='CC-BY Creative Commons Attribution 3.0 Unported license or GNU General Public License'/>
  <property name='TotalArea' value='790987'/>
  <environment groundColor='00A8A8A8' skyColor='00CCE4FC' lightColor='00D0D0D0'/>
  <observerCamera attribute='observerCamera' lens='PINHOLE' x='663.5102' y='633.29474' z='78.31604' yaw='-1.6322283' pitch='0.100798346' fieldOfView='1.0995575' time='1495454400000'/>
  <camera attribute='topCamera' lens='PINHOLE' x='-1040.4128' y='355.83292' z='2875.2065' yaw='4.6966367' pitch='1.035797' fieldOfView='1.0995575' time='1495454400000'/>
  <observerCamera attribute='storedCamera' id='observerCamera-9ffd0831-0d5e-4082-a595-3ec0b13c3a9b' name='Living room' lens='PINHOLE' x='511.7588' y='641.2398' z='146.62366' yaw='-3.5322282' pitch='0.16079843' fieldOfView='1.0995575' time='1495454400000'/>
  <observerCamera attribute='storedCamera' id='observerCamera-df276262-e208-4255-b5c6-fb9cbb0f6bdb' name='Entrance' lens='PINHOLE' x='32.999115' y='412.99133' z='165.19641' yaw='-1.5722284' pitch='0.16579843' fieldOfView='1.0995575' time='1495454400000'/>
  <observerCamera attribute='storedCamera' id='observerCamera-19e2c412-0c91-420b-85b0-e4221727841c' name='Corridor' lens='PINHOLE' x='569.00995' y='417.087' z='163.508' yaw='-1.6172284' pitch='0.2057984' fieldOfView='1.0995575' time='1495454400000'/>
  <observerCamera attribute='storedCamera' id='observerCamera-4f90889a-254c-4da7-bd77-f02d6d377a85' name='Kitchen' lens='PINHOLE' x='124.21774' y='746.1394' z='160.1311' yaw='-2.6522264' pitch='0.1857985' fieldOfView='1.0995575' time='1495454400000'/>
  <observerCamera attribute='storedCamera' id='observerCamera-e1c9a3ac-d38d-4902-a4cb-6c5c625d3430' name='Bedroom #1' lens='PINHOLE' x='842.45056' y='331.8428' z='158.27303' yaw='2.6277752' pitch='0.24079847' fieldOfView='1.0995575' time='1495454400000'/>
  <observerCamera attribute='storedCamera' id='observerCamera-7e2a8546-eafd-448e-af1e-5e666f1eccca' name='Bedroom #2' lens='PINHOLE' x='589.2989' y='717.94183' z='141.55835' yaw='-2.3772242' pitch='0.24579844' fieldOfView='1.0995575' time='1495454400000'/>
  <doorOrWindow catalogId='eTeks#door' name='Porta' creator='eTeks' model='1/model.obj' x='936.2735' y='251.04807' angle='3.1415927' width='91.5' depth='14.500751' height='208.5' modelMirrored='true' movable='false'/>
  <doorOrWindow catalogId='eTeks#door' name='Porta' creator='eTeks' model='1/model.obj' x='994.49994' y='307.61957' angle='4.712389' width='91.5' depth='14.500751' height='208.5' movable='false'/>
  <pieceOfFurniture catalogId='eTeks#bed90x190' name='Cama 90x190' creator='eTeks' model='3/model.obj' x='605.49994' y='583.4203' angle='1.7484555E-7' width='108.0' depth='208.0' height='70.0'>
    <material name='bone2' color='FF8FCCD9'/>
    <material name='flyellow' color='FF975D17'/>
  </pieceOfFurniture>
  <doorOrWindow catalogId='eTeks#door' name='Porta' creator='eTeks' model='1/model.obj' x='936.2735' y='477.17026' angle='1.7484555E-7' width='91.5' depth='14.500751' height='208.5' movable='false'>
    <material name='yellowbrt' color='FF494F83'/>
  </doorOrWindow>
  <doorOrWindow catalogId='eTeks#door' name='Porta' creator='eTeks' model='1/model.obj' x='820.4' y='477.17026' angle='1.7484555E-7' width='91.5' depth='14.500751' height='208.5' modelMirrored='true' movable='false'>
    <material name='yellowbrt' color='FF1C5561'/>
  </doorOrWindow>
  <doorOrWindow catalogId='eTeks#door' name='Porta' creator='eTeks' model='1/model.obj' x='820.3611' y='369.9583' angle='3.1415927' width='91.5' depth='14.500751' height='208.5' movable='false'>
    <material name='yellowbrt' color='FF585966'/>
  </doorOrWindow>
  <pieceOfFurniture catalogId='eTeks#fittedBath' name='Banheira fixa' creator='eTeks' model='5/model.obj' x='1113.5' y='169.28978' angle='1.5707964' width='160.0' depth='75.0' height='72.0' modelRotation='0 0 -1 0 1 0 1 0 0' movable='false'/>
  <pieceOfFurniture catalogId='eTeks#bunkBed90x190' name='Beliche' creator='eTeks' model='7/model.obj' x='1093.5' y='468.12402' width='115.0' depth='208.0' height='180.0'>
    <material name='bone2' color='FFE3E4F2'/>
    <material name='flyellow' color='FF9E5652'/>
  </pieceOfFurniture>
  <pieceOfFurniture catalogId='eTeks#bed' name='Cama' creator='eTeks' model='9/model.obj' x='647.0499' y='151.66061' angle='4.712389' width='144.6' depth='193.1' height='52.8'>
    <material name='flwhite' color='FF7378A2'/>
  </pieceOfFurniture>
  <pieceOfFurniture catalogId='eTeks#sink' name='Pia' creator='eTeks' model='11/model.obj' x='60.166634' y='635.69275' angle='4.712389' width='120.0' depth='64.0' height='106.0' modelMirrored='true' movable='false'/>
  <pieceOfFurniture catalogId='eTeks#toiletUnit' name='Vaso sanitário' creator='eTeks' model='13/model.obj' x='1110.9109' y='309.21942' angle='1.5707964' width='40.0' depth='80.0' height='62.0' movable='false'/>
  <pieceOfFurniture catalogId='eTeks#slidingDoors' name='Porta de correr' creator='eTeks' model='15/model.obj' x='651.0569' y='301.69568' angle='3.1415925' width='200.0' depth='8.0' height='250.0' color='FFFFFCFC' movable='false'/>
  <pieceOfFurniture catalogId='eTeks#chest' name='Cômoda' creator='eTeks' model='17/model.obj' x='718.3054' y='505.92035' width='100.0' depth='55.0' height='80.0'/>
  <pieceOfFurniture catalogId='eTeks#bookcase' name='Estante' creator='eTeks' model='19/model.obj' x='591.49994' y='736.9652' angle='3.1415927' width='80.0' depth='40.0' height='211.0'>
    <material name='flbrown' color='FF803E04'/>
  </pieceOfFurniture>
  <pieceOfFurniture catalogId='eTeks#chair' name='Cadeira' creator='eTeks' model='21/model.obj' x='818.0758' y='698.93866' angle='4.712389' width='40.0' depth='42.0' height='90.0'>
    <material name='amber' color='FF803E04'/>
  </pieceOfFurniture>
  <pieceOfFurniture catalogId='eTeks#electricRadiator' name='Aquecedor eléctrico' creator='eTeks' model='23/model.obj' x='868.2798' y='602.823' elevation='20.0' angle='1.5707964' width='37.0' depth='10.0' height='45.0' movable='false'/>
  <light catalogId='eTeks#workLamp' name='Lâmpada de trabalho' creator='eTeks' model='25/model.obj' x='857.7708' y='726.3754' elevation='74.0' angle='2.3561945' width='12.0' depth='29.5' height='49.3'/>
  <light catalogId='eTeks#workLamp' name='Lâmpada de trabalho' creator='eTeks' model='25/model.obj' x='677.19037' y='503.56445' elevation='80.0' angle='1.0471976' width='12.0' depth='29.5' height='49.3'/>
  <pieceOfFurniture catalogId='eTeks#electricRadiator' name='Aquecedor eléctrico' creator='eTeks' model='23/model.obj' x='885.7798' y='603.27454' elevation='20.0' angle='4.712389' width='37.0' depth='10.0' height='45.0' movable='false'/>
  <pieceOfFurniture catalogId='eTeks#chair' name='Cadeira' creator='eTeks' model='21/model.obj' x='924.13495' y='667.7589' width='32.380955' depth='34.0' height='72.85715' color='FF9E5652' shininess='0.0'/>
  <pieceOfFurniture catalogId='eTeks#wardrobe' name='Guarda roupa' creator='eTeks' model='27/model.obj' x='1119.0' y='680.1111' angle='1.5707964' width='150.0' depth='62.0' height='165.0'>
    <material name='white' color='FFE3E4F2' shininess='0.0'/>
  </pieceOfFurniture>
  <pieceOfFurniture catalogId='eTeks#chair' name='Cadeira' creator='eTeks' model='21/model.obj' x='963.71344' y='706.0597' angle='1.5707964' width='32.413334' depth='34.0' height='72.87334' color='FF9E5652' shininess='0.0'/>
  <pieceOfFurniture catalogId='eTeks#bedsideTable' name='Mesa de quarto' creator='eTeks' model='29/model.obj' x='1019.5' y='382.98618' angle='4.712389' width='38.0' depth='45.5' height='50.0'>
    <material name='amber' color='FF9E5652'/>
  </pieceOfFurniture>
  <pieceOfFurniture catalogId='eTeks#texturableBox' name='Caixa' creator='eTeks' model='31/texturableBox.obj' x='1026.4008' y='395.47372' elevation='171.0' width='44.0' depth='41.0' height='2.0' color='FF9E5652' shininess='0.0'/>
  <light catalogId='eTeks#workLamp' name='Lâmpada de trabalho' creator='eTeks' model='25/model.obj' x='1028.1008' y='395.55127' elevation='173.0' angle='5.497787' width='12.0' depth='29.5' height='30.0'/>
  <light catalogId='eTeks#workLamp' name='Lâmpada de trabalho' creator='eTeks' model='25/model.obj' x='1018.6469' y='382.14835' elevation='50.0' angle='5.7595863' width='12.0' depth='29.5' height='30.0'/>
  <light catalogId='eTeks#wallUplight' name='Luz de parede' creator='eTeks' model='33/model.obj' x='886.7798' y='602.50867' elevation='165.0' angle='4.712389' width='24.0' depth='12.0' height='26.0'/>
  <pieceOfFurniture catalogId='eTeks#electricRadiator' name='Aquecedor eléctrico' creator='eTeks' model='23/model.obj' x='1015.7977' y='33.2' elevation='20.0' width='37.0' depth='10.0' height='45.0' movable='false'/>
  <pieceOfFurniture catalogId='eTeks#washbasinWithCabinet' name='Lavatório com gabinete' creator='eTeks' model='35/model.obj' x='909.19434' y='60.25554' angle='4.7123895' width='62.0' depth='57.0' height='97.0' movable='false'/>
  <pieceOfFurniture catalogId='eTeks#washbasinWithCabinet' name='Lavatório com gabinete' creator='eTeks' model='35/model.obj' x='909.19434' y='122.25554' angle='4.7123895' width='62.0' depth='57.0' height='97.0' movable='false'/>
  <pieceOfFurniture catalogId='eTeks#wardrobe' name='Guarda roupa' creator='eTeks' model='27/model.obj' x='1030.3328' y='228.79802' angle='3.1415927' width='84.0' depth='42.0' height='165.0'/>
  <pieceOfFurniture catalogId='eTeks#texturableCylinder' name='Cilindro' creator='eTeks' model='37/texturableCylinder.obj' x='1036.2937' y='150.48378' angle='1.5707964' width='107.0' depth='72.0' height='0.7' color='FF623E06'/>
  <pieceOfFurniture catalogId='eTeks#texturableBox' name='Caixa' creator='eTeks' model='31/texturableBox.obj' x='880.94434' y='91.96513' elevation='120.0' angle='4.712389' width='115.0' depth='0.5' height='60.0'/>
  <pieceOfFurniture catalogId='eTeks#chair' name='Cadeira' creator='eTeks' model='21/model.obj' x='844.8927' y='240.43463' angle='1.8325958' width='40.0' depth='42.0' height='90.0'>
    <material name='amber' color='FF1E1E1E'/>
  </pieceOfFurniture>
  <pieceOfFurniture catalogId='eTeks#bedsideTable' name='Mesa de quarto' creator='eTeks' model='29/model.obj' x='570.49994' y='53.522232' angle='4.712389' width='38.0' depth='38.0' height='50.0'>
    <material name='amber' color='FF41424F'/>
  </pieceOfFurniture>
  <pieceOfFurniture catalogId='eTeks#bedsideTable' name='Mesa de quarto' creator='eTeks' model='29/model.obj' x='570.49994' y='255.47781' angle='4.712389' width='38.0' depth='38.0' height='50.0'>
    <material name='amber' color='FF41424F'/>
  </pieceOfFurniture>
  <pieceOfFurniture catalogId='eTeks#chest' name='Cômoda' creator='eTeks' model='17/model.obj' x='851.69434' y='152.8972' angle='1.5707964' width='100.0' depth='42.0' height='80.0' color='FF31376A'/>
  <pieceOfFurniture catalogId='eTeks#chair' name='Cadeira' creator='eTeks' model='21/model.obj' x='841.06934' y='57.020508' angle='1.0471976' width='40.0' depth='42.0' height='90.0'>
    <material name='amber' color='FF1E1E1E'/>
  </pieceOfFurniture>
  <pieceOfFurniture catalogId='eTeks#electricRadiator' name='Aquecedor eléctrico' creator='eTeks' model='23/model.obj' x='720.6045' y='33.2' elevation='20.0' width='37.0' depth='10.0' height='45.0' movable='false'/>
  <pieceOfFurniture catalogId='eTeks#flowers' name='Flores' creator='eTeks' model='39/model.obj' x='854.4854' y='151.07864' elevation='80.0' angle='1.5707964' width='24.2' depth='22.1' height='49.3'/>
  <pieceOfFurniture catalogId='eTeks#slidingDoors' name='Porta de correr' creator='eTeks' model='15/model.obj' x='94.81113' y='341.41296' width='132.5' depth='8.0' height='250.0' movable='false'>
    <material name='white' color='FF8D8D8D'/>
  </pieceOfFurniture>
  <pieceOfFurniture catalogId='eTeks#flatTV' name='TV plana' creator='eTeks' model='41/model.obj' x='75.88272' y='105.00801' elevation='56.0' angle='5.102462' width='121.0' depth='30.0' height='79.3'/>
  <pieceOfFurniture catalogId='eTeks#bookcase' name='Estante' creator='eTeks' model='19/model.obj' x='93.56113' y='253.4588' angle='3.1415927' width='130.0' depth='33.0' height='211.0'>
    <material name='flbrown' color='FF1E1E1E'/>
  </pieceOfFurniture>
  <pieceOfFurniture catalogId='eTeks#texturableCylinder' name='Cilindro' creator='eTeks' model='37/texturableCylinder.obj' x='232.09195' y='165.42702' angle='3.1415927' width='220.0' depth='173.0' height='0.5' color='FF1C5561'/>
  <pieceOfFurniture catalogId='eTeks#chair' name='Cadeira' creator='eTeks' model='21/model.obj' x='371.72974' y='643.09216' angle='3.926991' width='40.0' depth='42.0' height='90.0' color='FF1E1E1E'/>
  <pieceOfFurniture catalogId='eTeks#chair' name='Cadeira' creator='eTeks' model='21/model.obj' x='362.84027' y='588.9382' angle='4.712389' width='40.0' depth='42.0' height='90.0' color='FF1E1E1E'/>
  <pieceOfFurniture catalogId='eTeks#chair' name='Cadeira' creator='eTeks' model='21/model.obj' x='373.23175' y='534.58044' angle='5.497787' width='40.0' depth='42.0' height='90.0' color='FF1E1E1E'/>
  <pieceOfFurniture catalogId='eTeks#chair' name='Cadeira' creator='eTeks' model='21/model.obj' x='448.24994' y='528.828' angle='0.704789' width='40.0' depth='42.0' height='90.0' color='FF1E1E1E'/>
  <pieceOfFurniture catalogId='eTeks#chair' name='Cadeira' creator='eTeks' model='21/model.obj' x='460.94684' y='587.7298' angle='1.5707964' width='40.0' depth='42.0' height='90.0' color='FF1E1E1E'/>
  <pieceOfFurniture catalogId='eTeks#chair' name='Cadeira' creator='eTeks' model='21/model.obj' x='453.4893' y='644.47144' angle='2.375849' width='40.0' depth='42.0' height='90.0' color='FF1E1E1E'/>
  <pieceOfFurniture catalogId='eTeks#squareTable' name='Mesa quadrada' creator='eTeks' model='43/model.obj' x='841.5063' y='700.0' angle='1.5707964' width='112.0' depth='63.0' height='74.0'/>
  <pieceOfFurniture catalogId='eTeks#squareTable' name='Mesa quadrada' creator='eTeks' model='43/model.obj' x='926.1' y='711.0' angle='4.712389' width='90.0' depth='90.0' height='50.0' color='FFC1C1C1' shininess='0.0'/>
  <pieceOfFurniture catalogId='eTeks#roundTable' name='Mesa redonda' creator='eTeks' model='45/model.obj' x='412.12646' y='586.66895' width='110.0' depth='150.0' height='74.0' color='FF1E1E1E'/>
  <light catalogId='eTeks#pendantLamp' name='Lâmpada pedestal' creator='eTeks' model='47/model.obj' x='413.02985' y='589.97656' elevation='170.0' width='60.0' depth='60.0' height='80.0' color='FF8D8D8D'/>
  <pieceOfFurniture catalogId='eTeks#bedsideTable' name='Mesa de quarto' creator='eTeks' model='29/model.obj' x='517.81305' y='721.0' angle='1.5707964' width='70.0' depth='34.0' height='63.0' color='FF1E1E1E'/>
  <doorOrWindow catalogId='eTeks#doubleFrenchWindow126x200' name='Janela dupla francesa' creator='eTeks' model='49/model.obj' x='414.11768' y='19.880001' elevation='11.0' angle='1.7484555E-7' width='132.0' depth='35.360752' height='210.0' movable='false'/>
  <pieceOfFurniture catalogId='eTeks#plant' name='Planta' creator='eTeks' model='51/model.obj' x='50.0625' y='-83.22565' width='58.0' depth='50.0' height='82.0'/>
  <pieceOfFurniture catalogId='eTeks#plant' name='Planta' creator='eTeks' model='51/model.obj' x='510.8084' y='-83.43307' angle='1.0765364' width='56.000004' depth='50.62695' height='89.5'/>
  <pieceOfFurniture catalogId='eTeks#plant' name='Planta' creator='eTeks' model='51/model.obj' x='511.56787' y='-22.341234' angle='2.0943952' width='56.0' depth='50.0' height='89.5'/>
  <pieceOfFurniture catalogId='eTeks#stool' name='Tamborete' creator='eTeks' model='53/model.obj' x='486.23425' y='117.38904' angle='4.712389' width='40.0' depth='40.0' height='46.0'>
    <material name='amber' color='FF525252'/>
  </pieceOfFurniture>
  <pieceOfFurniture catalogId='eTeks#sofa' name='Sofa' creator='eTeks' model='55/model.obj' x='328.5578' y='245.7443' angle='2.1756668' width='170.0' depth='80.0' height='85.0'>
    <material name='iris' color='FF525252' shininess='0.0'/>
  </pieceOfFurniture>
  <pieceOfFurniture catalogId='eTeks#armchair' name='Poltrona' creator='eTeks' model='57/model.obj' x='299.4487' y='81.00817' angle='0.56091845' width='90.0' depth='80.0' height='85.0'>
    <material name='iris' color='FF4D4D4D' shininess='0.0'/>
  </pieceOfFurniture>
  <pieceOfFurniture catalogId='eTeks#fridgeFreezer' name='Geladeira com freezer' creator='eTeks' model='59/model.obj' x='253.36371' y='724.3327' angle='1.5707964' width='60.0' depth='66.0' height='185.0'/>
  <pieceOfFurniture catalogId='eTeks#dishwasher' name='Lavadora de louças' creator='eTeks' model='61/model.obj' x='60.666626' y='545.69275' angle='4.712389' width='60.0' depth='65.0' height='85.0'/>
  <pieceOfFurniture catalogId='eTeks#kitchenCabinet' name='Gabinete de cozinha' creator='eTeks' model='63/model.obj' x='60.41664' y='498.69275' angle='4.712389' width='34.0' depth='64.5' height='85.0' modelMirrored='true' movable='false'/>
  <pieceOfFurniture catalogId='eTeks#kitchenUpperCabinet' name='Armário superior' creator='eTeks' model='65/model.obj' x='48.316605' y='665.8545' elevation='150.0' angle='4.712389' width='60.0' depth='40.3' height='86.200005' modelMirrored='true'/>
  <pieceOfFurniture catalogId='eTeks#kitchenUpperCabinet' name='Armário superior' creator='eTeks' model='65/model.obj' x='48.3166' y='605.8545' elevation='150.0' angle='4.712389' width='60.0' depth='40.3' height='86.200005'/>
  <pieceOfFurniture catalogId='eTeks#kitchenUpperCabinet' name='Armário superior' creator='eTeks' model='65/model.obj' x='48.3166' y='545.8545' elevation='150.0' angle='4.712389' width='60.0' depth='40.3' height='86.200005' modelMirrored='true'/>
  <pieceOfFurniture catalogId='eTeks#cooker' name='Fogão' creator='eTeks' model='67/model.obj' x='59.16663' y='725.89087' angle='4.712389' width='60.0' depth='62.0' height='85.0'/>
  <pieceOfFurniture catalogId='eTeks#kitchenUpperCabinet' name='Armário superior' creator='eTeks' model='65/model.obj' x='48.316628' y='725.8545' elevation='150.0' angle='4.712389' width='60.0' depth='40.3' height='86.200005'/>
  <pieceOfFurniture catalogId='eTeks#stool' name='Tamborete' creator='eTeks' model='53/model.obj' x='220.67288' y='630.0876' width='40.0' depth='40.0' height='46.0'>
    <material name='amber' color='FFDDDDDD'/>
  </pieceOfFurniture>
  <pieceOfFurniture catalogId='eTeks#squareTable' name='Mesa quadrada' creator='eTeks' model='43/model.obj' x='252.4' y='627.15' angle='1.5707964' width='116.0' depth='70.0' height='74.0'>
    <material name='flblonde' color='FFDDDDDD'/>
  </pieceOfFurniture>
  <doorOrWindow catalogId='eTeks#openDoor' name='Porta aberta' creator='eTeks' model='69/model.obj' x='240.91693' y='507.20557' width='91.5' depth='68.00075' height='208.5' modelMirrored='true' movable='false'>
    <material name='yellowbrt' color='FF6CAAA5'/>
  </doorOrWindow>
  <light catalogId='eTeks#wallUplight' name='Luz de parede' creator='eTeks' model='33/model.obj' x='528.49994' y='224.93378' elevation='165.0' angle='1.5707964' width='24.0' depth='12.0' height='26.0'/>
  <light catalogId='eTeks#wallUplight' name='Luz de parede' creator='eTeks' model='33/model.obj' x='113.54288' y='468.25' elevation='165.0' angle='3.1415927' width='24.0' depth='12.0' height='26.0'/>
  <light catalogId='eTeks#wallUplight' name='Luz de parede' creator='eTeks' model='33/model.obj' x='289.58765' y='34.2' elevation='165.0' angle='1.7484555E-7' width='24.0' depth='12.0' height='26.0'/>
  <light catalogId='eTeks#wallUplight' name='Luz de parede' creator='eTeks' model='33/model.obj' x='34.16664' y='142.46185' elevation='165.0' angle='4.712389' width='24.0' depth='12.0' height='26.0'/>
  <pieceOfFurniture catalogId='eTeks#bedsideTable' name='Mesa de quarto' creator='eTeks' model='29/model.obj' x='144.62823' y='458.7808' angle='3.1415927' width='96.5' depth='30.0' height='50.0'>
    <material name='amber' color='FF1E1E1E' shininess='0.0'/>
  </pieceOfFurniture>
  <doorOrWindow catalogId='eTeks#serviceHatch' name='Buraco' creator='eTeks' model='71/model.obj' x='291.0498' y='629.1768' elevation='100.0' angle='1.5698156' width='111.0' depth='7.50075' height='80.0' movable='false'/>
  <pieceOfFurniture catalogId='eTeks#kitchenUpperCabinet' name='Armário superior' creator='eTeks' model='65/model.obj' x='103.02864' y='496.85556' elevation='150.0' width='60.0' depth='30.3' height='86.200005'/>
  <pieceOfFurniture catalogId='eTeks#plant' name='Planta' creator='eTeks' model='51/model.obj' x='185.0061' y='-86.181946' angle='1.5707964' width='58.0' depth='50.0' height='97.0'/>
  <pieceOfFurniture catalogId='eTeks#chest' name='Cômoda' creator='eTeks' model='17/model.obj' x='505.99994' y='313.8119' angle='1.5707964' width='100.0' depth='55.0' height='80.0'>
    <material name='amber' color='FF1E1E1E' shininess='0.5390625'/>
  </pieceOfFurniture>
  <pieceOfFurniture catalogId='eTeks#kitchenUpperCabinet' name='Armário superior' creator='eTeks' model='65/model.obj' x='163.02864' y='496.85556' elevation='150.0' width='60.0' depth='30.3' height='86.200005' modelMirrored='true'/>
  <pieceOfFurniture catalogId='eTeks#clothesWasher' name='Lavadora de roupas' creator='eTeks' model='73/model.obj' x='1119.5' y='59.28978' angle='1.5707964' width='60.0' depth='63.0' height='85.0'/>
  <pieceOfFurniture catalogId='eTeks#electricRadiator' name='Aquecedor eléctrico' creator='eTeks' model='23/model.obj' x='299.69815' y='525.5095' elevation='20.0' angle='4.711408' width='37.0' depth='10.0' height='45.0' movable='false'/>
  <pieceOfFurniture catalogId='eTeks#electricRadiator' name='Aquecedor eléctrico' creator='eTeks' model='23/model.obj' x='55.591278' y='33.2' elevation='20.0' angle='1.7484555E-7' width='37.0' depth='10.0' height='45.0' movable='false'/>
  <pieceOfFurniture catalogId='eTeks#electricRadiator' name='Aquecedor eléctrico' creator='eTeks' model='23/model.obj' x='529.49994' y='222.59578' elevation='20.0' angle='1.5707964' width='37.0' depth='10.0' height='45.0' movable='false'/>
  <pieceOfFurniture catalogId='eTeks#texturableCylinder' name='Cilindro' creator='eTeks' model='37/texturableCylinder.obj' x='32.535492' y='485.70557' width='5.0' depth='5.0' height='250.0'/>
  <pieceOfFurniture catalogId='eTeks#texturableCylinder' name='Cilindro' creator='eTeks' model='37/texturableCylinder.obj' x='39.435516' y='485.70557' width='5.0' depth='5.0' height='250.0'/>
  <pieceOfFurniture catalogId='eTeks#texturableBox' name='Caixa' creator='eTeks' model='31/texturableBox.obj' x='283.10132' y='629.18024' elevation='100.0' angle='4.712389' width='111.0' depth='31.674986' height='2.0'/>
  <pieceOfFurniture catalogId='eTeks#electricRadiator' name='Aquecedor eléctrico' creator='eTeks' model='23/model.obj' x='282.43793' y='525.5865' elevation='20.0' angle='1.5707964' width='37.0' depth='10.0' height='45.0' movable='false'/>
  <doorOrWindow catalogId='eTeks#frontDoor' name='Porta exterior' creator='eTeks' model='75/model.obj' x='21.783352' y='408.52124' angle='4.712389' width='101.5' depth='20.445194' height='208.5'>
    <material name='yellowbrt' color='FF1E1E1E'/>
  </doorOrWindow>
  <pieceOfFurniture catalogId='eTeks#roundTable' name='Mesa redonda' creator='eTeks' model='45/model.obj' x='77.213715' y='104.56313' angle='0.30871987' width='72.0' depth='133.0' height='56.0' color='FF2E2B2B'/>
  <pieceOfFurniture catalogId='eTeks#piano' name='Piano' creator='eTeks' model='77/model.obj' x='511.99994' y='120.17439' angle='1.5707964' width='140.0' depth='43.0' height='82.0'/>
  <light catalogId='eTeks#workLamp' name='Lâmpada de trabalho' creator='eTeks' model='25/model.obj' x='568.9279' y='257.18665' elevation='50.0' angle='3.926991' width='12.0' depth='29.5' height='49.3'/>
  <light catalogId='eTeks#workLamp' name='Lâmpada de trabalho' creator='eTeks' model='25/model.obj' x='568.92804' y='53.96991' elevation='50.0' angle='5.7595863' width='12.0' depth='29.5' height='49.3'/>
  <pieceOfFurniture catalogId='eTeks#texturableBox' name='Caixa' creator='eTeks' model='31/texturableBox.obj' x='892.7798' y='707.0' elevation='150.0' angle='4.712389' width='100.0' depth='24.0' height='1.0' color='FFC1C1C1' shininess='0.0'/>
  <pieceOfFurniture catalogId='eTeks#texturableBox' name='Caixa' creator='eTeks' model='31/texturableBox.obj' x='892.7798' y='707.0' elevation='120.0' angle='4.712389' width='100.0' depth='24.0' height='1.0' color='FFC1C1C1' shininess='0.0'/>
  <doorOrWindow catalogId='eTeks#window85x163' name='Janela' creator='eTeks' model='79/model.obj' x='155.60184' y='765.32' elevation='47.0' angle='3.1415927' width='91.0' depth='35.360752' height='174.0' movable='false'/>
  <pieceOfFurniture catalogId='eTeks#texturableBox' name='Caixa' creator='eTeks' model='31/texturableBox.obj' x='155.93646' y='779.65344' elevation='100.0' width='90.0' depth='3.0' height='3.0' color='FFC1C1C1'/>
  <pieceOfFurniture catalogId='eTeks#texturableBox' name='Caixa' creator='eTeks' model='31/texturableBox.obj' x='155.93646' y='779.65344' elevation='78.0' width='90.0' depth='3.0' height='3.0' color='FFC1C1C1'/>
  <pieceOfFurniture catalogId='eTeks#texturableBox' name='Caixa' creator='eTeks' model='31/texturableBox.obj' x='415.31824' y='779.65344' elevation='100.0' width='130.0' depth='3.0' height='3.0' color='FFC1C1C1'/>
  <pieceOfFurniture catalogId='eTeks#texturableBox' name='Caixa' creator='eTeks' model='31/texturableBox.obj' x='415.31824' y='779.65344' elevation='78.0' width='130.0' depth='3.0' height='3.0' color='FFC1C1C1'/>
  <doorOrWindow catalogId='eTeks#window85x123' name='Janela pequena' creator='eTeks' model='81/model.obj' x='721.45703' y='19.880001' elevation='87.0' width='91.0' depth='35.360752' height='134.0' modelMirrored='true' movable='false'/>
  <doorOrWindow catalogId='eTeks#window85x123' name='Janela pequena' creator='eTeks' model='81/model.obj' x='1017.92114' y='19.880001' elevation='87.0' width='91.0' depth='35.360752' height='134.0' modelMirrored='true' movable='false'/>
  <doorOrWindow catalogId='eTeks#frenchWindow85x200' name='Janela francesa' creator='eTeks' model='83/model.obj' x='155.66779' y='19.880001' elevation='11.0' angle='1.7484555E-7' width='91.0' depth='35.360752' height='210.0' movable='false'/>
  <doorOrWindow catalogId='eTeks#doubleWindow126x163' name='Janela dupla' creator='eTeks' model='85/model.obj' x='414.90677' y='765.32' elevation='47.0' angle='3.1415927' width='132.0' depth='35.360752' height='174.0' movable='false'/>
  <light catalogId='eTeks#pendantLamp' name='Lâmpada pedestal' creator='eTeks' model='47/model.obj' x='1006.4334' y='137.67957' elevation='185.0' width='60.0' depth='60.0' height='65.0' shininess='0.0'/>
  <doorOrWindow catalogId='eTeks#window85x163' name='Janela' creator='eTeks' model='79/model.obj' x='1017.6018' y='765.32' elevation='47.0' angle='3.1415927' width='91.0' depth='35.360752' height='174.0' movable='false'/>
  <pieceOfFurniture catalogId='eTeks#texturableBox' name='Caixa' creator='eTeks' model='31/texturableBox.obj' x='1017.9364' y='779.65344' elevation='100.0' width='90.0' depth='3.0' height='3.0' color='FFC1C1C1'/>
  <pieceOfFurniture catalogId='eTeks#texturableBox' name='Caixa' creator='eTeks' model='31/texturableBox.obj' x='1017.9364' y='779.65344' elevation='78.0' width='90.0' depth='3.0' height='3.0' color='FFC1C1C1'/>
  <doorOrWindow catalogId='eTeks#window85x163' name='Janela' creator='eTeks' model='79/model.obj' x='720.6018' y='765.32' elevation='47.0' angle='3.1415927' width='91.0' depth='35.360752' height='174.0' modelMirrored='true' movable='false'/>
  <pieceOfFurniture catalogId='eTeks#texturableBox' name='Caixa' creator='eTeks' model='31/texturableBox.obj' x='720.9364' y='779.65344' elevation='100.0' width='90.0' depth='3.0' height='3.0' color='FFC1C1C1'/>
  <pieceOfFurniture catalogId='eTeks#texturableBox' name='Caixa' creator='eTeks' model='31/texturableBox.obj' x='720.9364' y='779.65344' elevation='78.0' width='90.0' depth='3.0' height='3.0' color='FFC1C1C1'/>
  <pieceOfFurniture catalogId='eTeks#flowers' name='Flores' creator='eTeks' model='39/model.obj' x='507.19757' y='314.67657' elevation='80.0' width='29.0' depth='26.48347' height='49.0'/>
  <doorOrWindow catalogId='eTeks#fixedWindow85x123' name='Janela fixa' creator='eTeks' model='87/model.obj' x='481.37634' y='-118.931946' elevation='10.0' width='120.0' depth='7.50075' height='80.0' movable='false'/>
  <doorOrWindow catalogId='eTeks#fixedWindow85x123' name='Janela fixa' creator='eTeks' model='87/model.obj' x='347.4967' y='-118.931946' elevation='10.0' width='120.0' depth='7.50075' height='80.0' movable='false'/>
  <doorOrWindow catalogId='eTeks#fixedWindow85x123' name='Janela fixa' creator='eTeks' model='87/model.obj' x='213.61707' y='-118.931946' elevation='10.0' width='120.0' depth='7.50075' height='80.0' movable='false'/>
  <doorOrWindow catalogId='eTeks#fixedWindow85x123' name='Janela fixa' creator='eTeks' model='87/model.obj' x='79.73744' y='-118.931946' elevation='10.0' width='120.0' depth='7.50075' height='80.0' movable='false'/>
  <doorOrWindow catalogId='eTeks#openDoor' name='Porta aberta' creator='eTeks' model='69/model.obj' x='575.9996' y='424.13483' angle='4.712389' width='91.5' depth='68.0' height='208.5' movable='false'>
    <material name='yellowbrt' color='FF057F85'/>
  </doorOrWindow>
</home>